{"cameraMode":{"drawMode":0,"name":"Shaded","section":"Shading Mode"},"sceneLighting":false,"audioPlay":false,"sceneViewState":{"showFog":true,"showMaterialUpdate":false,"showSkybox":false,"showFlares":true,"showImageEffects":true,"showParticleSystems":true},"in2DMode":false,"pivot":{"x":1.1240816116333008,"y":1.0,"z":59.96394729614258},"rotation":{"x":0.6921020150184631,"y":-0.0010826978832483292,"z":0.0010381516767665744,"w":0.7217979431152344},"size":4.041658401489258,"orthographic":true}